route_id,trip_id,delay,trip_start
0050,D01668376,147,74400
0050,D01668388,388,75180
0050,D01668396,82,76080
0050,D01668404,71,76980
0050,D01668409,773,73440
0050,D01668410,166,77940
0050,D01668413,291,74040
0050,D01668415,248,74640
0050,D01668418,49,79080
0050,D01668419,84,75240
0050,D01668423,146,76140
0050,D01668424,56,80280
0050,D01668425,-33,77040
0050,D01668426,52,81480
0050,D01668427,38,77940
0050,D01668432,60,82680
0050,D01668435,40,78840
0050,D01668439,297,79860
0050,D01668443,0,81060
0050,D01668445,-10,82260
0085,D0306051789,290,74100
0085,D0306051880,83,75300
0085,D0306051887,134,75900
0085,D0306052044,50,74220
0085,D0306052048,-5,80340
0085,D0306052051,14,74820
0085,D0306052072,136,76020
0085,D0306052149,143,76620
0085,D0306052156,17,77220
0085,D0306052160,10,81540
0085,D0306052170,26,77820
0085,D0306052195,68,82740
0085,D0306052198,-22,79680
0085,D0306052209,-110,83940
0085,D0306052226,167,80880
0085,D0306052240,8,82080
0085,D0306053709,282,79140
0085,D0306055626,-37,76860
0085,D0306055654,311,78060
0085,D0306055692,84,75420
0090,D03390656,-13,74880
0090,D03390662,79,75480
0090,D03390668,16,76080
0090,D03390674,-40,76680
0090,D03390680,-85,77280
0090,D03390686,155,77880
0090,D03390690,-4,74880
0090,D03390695,279,78480
0090,D03390696,129,75480
0090,D03390710,-17,79080
0090,D03390714,10,76080
0090,D03390719,-8,79680
0090,D03390722,-19,80280
0090,D03390723,27,76680
0090,D03390725,-1,80880
0090,D03390726,32,77280
0090,D03390729,-31,77880
0090,D03390735,-50,78480
0090,D03390740,-115,82080
0090,D03390741,226,79080
0090,D03390743,0,82680
0090,D03390744,-19,79680
0090,D03390746,7,83340
0090,D03390747,-92,80280
0090,D03390749,-76,83940
0090,D03390750,-5,80880
0090,D03390753,-73,81480
0090,D03390756,115,82080
0090,D03390759,-7,82920
0110,D039441004,116,76680
0110,D039441005,148,77880
0110,D039441007,201,77280
0110,D039441013,204,77880
0110,D039441014,23,79080
0110,D039441016,256,78480
0110,D039441019,141,79080
0110,D039441020,-24,80280
0110,D039441028,85,79680
0110,D039441502,105,81540
0110,D039442175,168,80880
0110,D039442176,-27,82740
0110,D039442178,236,82080
0110,D039442179,5,83940
0110,D039442181,-16,83280
0110,D039442182,-131,85140
0110,D039442187,131,84480
0110,D03944996,45,76680
0130,C951253845,-21,80940
0130,C951253848,34,82680
0131,C951253833,6,77340
0131,C951253863,-57,84540
0150,D00745204,357,75420
0150,D00745206,858,76740
0150,D00745208,275,77940
0150,D00745213,415,74880
0150,D00745215,309,76080
0150,D00745220,330,79140
0150,D00745221,130,77280
0150,D00745223,89,78480
0150,D00745224,178,80940
0150,D00745225,515,79680
0150,D00745229,-63,80880
0160,D000595026,354,76440
0160,D000595028,119,77040
0160,D000595031,113,76320
0160,D000595032,506,77640
0160,D000595033,-3,76920
0160,D000595034,29,78240
0160,D000595035,85,77520
0160,D000595036,197,78840
0160,D000595049,18,78120
0160,D000595050,6,79440
0160,D000595069,84,78720
0160,D000595070,31,80040
0160,D000595073,-41,79320
0160,D000595074,100,80640
0160,D000595075,30,79920
0160,D000595076,34,81240
0160,D000595077,104,80520
0160,D000595078,-5,81840
0160,D000595079,-15,81120
0160,D000595080,54,82440
0160,D000595081,-136,81720
0160,D000595082,-3,83040
0160,D000595083,-71,82320
0160,D000595084,48,83640
0160,D000595085,-130,82920
0160,D000595086,-53,84240
0160,D000595089,67,83520
0160,D000595090,-3,84840
0160,D000595091,-69,84120
0160,D000595093,6,84720
0160,D000595118,4,85440
0210,D0297612651,115,76320
0210,D0297612666,17,77520
0210,D0297612671,20,78120
0210,D0297612679,17,77520
0210,D0297612689,13,78120
0210,D0297612691,80,79320
0210,D0297612696,146,79920
0210,D0297612699,96,79380
0210,D0297612704,-21,79980
0210,D0297612714,-12,81180
0210,D0297612719,-67,81780
0210,D0297612721,-11,82920
0210,D0297612734,-3,82980
0210,D0297612736,58,84720
0210,D029799512,58,83520
0220,C98377143098,26,75960
0220,C98377143112,292,75660
0220,C98377143114,-99,77700
0220,C98377143124,205,77460
0220,C98377143126,19,79500
0220,C98377143136,32,79260
0220,C98377143138,-77,81300
0221,C98377143101,-94,77400
0221,C98377143116,412,76260
0221,C98377143120,54,76860
0221,C98377143121,-108,78600
0221,C98377143148,-15,81060
0221,C98377143164,59,83460
0221,C98377143168,-11,84660
0221,C98377143181,30,79200
0221,C98377143208,32,79860
0221,C98377143212,39,80460
0221,C98377143908,24,78660
0221,C98377143909,-138,82200
0221,C98377143920,52,82260
0250,C98977306,63,76680
0250,C98977310,87,77460
0250,C98977311,-15,76920
0250,C98977312,23,78300
0250,C98977313,81,78120
0250,C98977314,217,79500
0250,C98977315,92,79320
0250,C98977316,106,80700
0250,C98977319,33,80520
0250,C98977320,45,81900
0250,C98977323,-6,81720
0250,C98977324,-9,83100
0250,C98977325,-2,82920
0250,C98977326,3,84300
0250,C98977327,-50,84120
0260,D03273766,-54,76860
0260,D03273767,-5,76980
0260,D03273768,-157,78060
0260,D03273769,137,78180
0260,D03273770,-23,79320
0260,D03273771,-27,79380
0260,D03273772,19,80520
0260,D03273775,37,80580
0260,D03273776,-13,81720
0260,D03273777,-11,81780
0260,D03273778,-127,82920
0260,D03273779,117,82980
0270,C878533747,122,77280
0270,C878533748,132,78060
0270,C878533749,143,78600
0270,C878533750,145,79320
0270,C878533751,156,79800
0270,C878533752,99,80520
0270,C878533753,93,81000
0270,C878533754,106,81720
0270,C878533755,50,82200
0270,C878533756,119,82920
0270,C878533757,65,83400
0270,C878533758,70,84120
0270,C878533759,66,84600
0270,C878533760,71,85320
0270,C878533761,17,85800
0290,D03187351,375,73860
0290,D03187354,315,76560
0290,D03187359,-8,76560
0290,D03187374,258,77760
0290,D03187375,21,77460
0290,D03187377,84,78360
0290,D03187386,211,78960
0290,D03187387,91,79560
0290,D03187402,93,79980
0290,D03187403,41,80760
0290,D03187405,-36,81960
0290,D03187424,-78,81180
0290,D03187426,96,82380
0290,D03187430,3,83580
0290,D03187431,484,83160
0290,D03187432,-122,84780
0290,D03187433,57,84360
0310,D017912088,585,75840
0310,D017912091,-58,76980
0310,D017912096,133,77220
0310,D017912097,22,78180
0310,D017912099,18,78420
0310,D017912100,-23,79380
0310,D017912105,35,79620
0310,D017912106,-76,80580
0310,D017912108,-22,80820
0310,D017912109,39,81780
0310,D017912111,58,82020
0310,D017912112,-7,82860
0310,D017912114,-11,83220
0310,D017912115,-6,84060
0310,D017912123,11,84420
0310,D017912124,-46,85260
0320,D03155925,171,75780
0320,D03155933,147,76680
0320,D03155937,-44,77880
0320,D03155938,232,76260
0320,D03155940,15,77160
0320,D03155941,31,79080
0320,D03155942,145,78300
0320,D03155943,100,80340
0320,D03155946,207,79500
0320,D03155947,169,81540
0320,D03155956,-26,80700
0320,D03155957,-63,82740
0320,D03155958,120,81900
0320,D03155959,-3,83940
0320,D03155962,-9,83100
0320,D03155964,69,84300
0330,D011985143,53,75960
0330,D011985147,23,76860
0330,D011985355,27,78660
0330,D011985785,229,79680
0330,D011985793,-113,82200
0330,D011988206,-13,75540
0330,D011988208,26,76440
0330,D011988210,324,78240
0330,D011988211,-35,79140
0330,D011988212,158,80040
0340,D038324699,0,78000
0340,D038324706,148,76620
0340,D038324709,38,79200
0340,D038325332,85,77820
0340,D038325335,43,80400
0340,D038325998,96,79020
0340,D038326001,-4,81600
0340,D038326008,-24,80220
0340,D038326011,-68,82680
0340,D038326018,-8,81420
0340,D038326028,119,82620
0340,D038326038,6,83820
0340,D038326679,-9,75660
0340,D038326684,84,76800
0350,D00659648,627,74880
0350,D00659653,101,76140
0350,D00659663,-34,77340
0350,D00659666,48,75780
0350,D00659673,89,78540
0350,D00659676,24,76980
0350,D00659678,33,79740
0350,D00659681,25,78180
0350,D00659683,48,80940
0350,D00659691,95,79440
0350,D00659693,-74,82140
0350,D00659696,165,80640
0350,D00659698,59,83340
0350,D00659701,-12,81840
0350,D00659706,-61,83100
0360,D006683161,-94,76740
0360,D006683203,151,77940
0360,D006683207,465,74100
0360,D006683209,464,79140
0360,D006683213,140,75300
0360,D006683215,170,80340
0360,D006683219,125,76560
0360,D006683221,119,81540
0360,D006683563,39,79080
0360,D006683569,165,80340
0360,D006683593,115,81540
0360,D006683655,144,75480
0360,D006683689,128,83460
0360,D006684503,36,77880
0360,D006684535,90,74280
0380,C9669918619,-84,75060
0380,C9669918652,-49,76920
0380,C9669918655,-24,78600
0380,C9669918844,54,80880
0380,C9669918928,65,84300
0381,C9669918856,32,82680
0390,D03445692,124,77280
0390,D03445786,216,80340
0390,D03445787,340,80880
0390,D03445789,-15,82140
0390,D03445790,180,82680
0390,D03445795,-12,83940
0390,D03445796,7,84420
0400,C9849733857,-25,76680
0400,C9849733885,26,79080
0400,C9849733891,-39,77820
0400,C9849733892,151,79680
0400,C9849733899,-30,80280
0400,C9849733912,88,79680
0400,C9849733913,150,81540
0400,C9849733933,19,80280
0400,C9849733934,-20,82740
0400,C9849733940,-134,81480
0400,C9849733961,-3,82080
0400,C9849733962,-8,83940
0400,C9849733990,23,77880
0400,C9849734011,-64,83340
0400,C9849735407,59,83280
0400,C9849735408,-62,84540
0400,C9849735477,125,83880
0400,C9849735478,10,85140
0400,C9849735484,8,84480
0400,C9849735491,63,85080
0402,C9849733884,102,76620
0402,C9849733898,23,78420
0440,D029654591,47,76260
0440,D029654605,173,76560
0440,D029654606,136,77460
0440,D029654611,26,77760
0440,D029654612,24,78660
0440,D029654614,81,78960
0440,D029654615,29,79860
0440,D029654617,97,80160
0440,D029654618,49,81000
0440,D029654620,167,81360
0440,D029654621,58,82200
0440,D029654626,118,82560
0440,D029654627,-15,83400
0440,D029654629,68,83760
0440,D029654630,-11,84540
0440,D029654632,62,84960
0450,D030084461,405,76380
0450,D030084462,114,75960
0450,D030084464,18,77460
0450,D030084465,203,77160
0450,D030084467,194,78660
0450,D030084474,88,78360
0450,D030084476,33,79860
0450,D030084477,85,79560
0450,D030084479,-20,81000
0450,D030084480,-13,80760
0450,D030084482,52,82200
0450,D030084486,52,81960
0450,D030084488,48,83340
0450,D030084489,47,83160
0450,D030084495,-2,84360
0460,D029861314,-27,76860
0460,D029861316,119,80100
0460,D029861324,46,78780
0460,D029861326,-81,81900
0460,D029861334,-4,80640
0460,D029861336,-4,83700
0460,D029861339,59,82800
0460,D029861344,-56,83760
0460,D02986684,50,74820
0460,D02986689,-40,76560
0460,D02986787,27,75000
0530,C967364812,200,74760
0530,C967364817,264,75960
0530,C967364849,91,76620
0530,C967364852,14,78360
0530,C967365004,-4,77820
0530,C967365009,33,79020
0530,C967365012,104,80760
0530,C967365069,-21,80220
0530,C967365072,-95,81960
0530,C967365099,-14,81420
0530,C967365102,-97,83160
0530,C967365109,-5,82620
0530,C967365114,-183,83820
0530,C967365117,-50,85560
0530,C967365119,-19,85020
0540,C981091116,142,77640
0540,C98109883,-67,75840
0540,C98109885,96,78840
0540,C98109893,39,78300
0540,C98109895,58,81240
0540,C98109898,-24,79500
0540,C98109903,166,80100
0540,C98109905,55,82440
0540,C98109910,-122,83700
0540,C98109913,-53,83220
0550,D014463950,16,75300
0550,D014463953,117,76920
0550,D014463955,142,76980
0550,D014463956,-22,79080
0550,D014463958,115,80700
0550,D014463959,57,82800
0570,C978171133,775,76260
0570,C978171142,19,77460
0570,C978171151,79,78660
0570,C978171160,18,79860
0570,C978173903,-5,81660
0570,C978173909,54,82860
0570,C978173912,52,84060
0580,D028132007,379,76080
0580,D028132013,94,79500
0580,D028132016,140,76860
0580,D028132022,213,78660
0580,D028132028,-39,80520
0580,D028132031,70,83100
0580,D028132034,60,82320
0580,D028132040,5,84120
0580,D028132282,127,77880
0640,D0312337105,24,78300
0641,D0312337116,-84,79980
0641,D0312337156,-172,84780
0642,D0312337101,-21,76380
0642,D0312337119,-15,82080
0642,D0312337146,-24,83580
0642,D0312337149,6,85560
0651,C94040158,333,76740
0651,C94040160,17,77880
0651,C94040161,-4,78300
0651,C94040163,-23,79680
0651,C94040164,35,80100
0651,C94040166,-23,81480
0651,C94040167,100,81900
0651,C94040169,-9,83880
0651,C94040170,65,84300
0660,D02232922,297,75960
0660,D02232932,19,77160
0660,D02232934,169,75840
0660,D02232937,205,78360
0660,D02232949,28,77640
0660,D02232964,21,79440
0660,D02232969,41,80640
0660,D02232972,1,83280
0660,D02232974,51,81840
0660,D02232977,-121,84480
0660,D02232979,174,83640
0662,D02232939,-169,76740
0662,D02232941,38,79440
0662,D02232959,-85,78540
0662,D02232961,-17,81240
0670,D021221033,-10,76440
0670,D021221036,-72,77280
0670,D021221038,-65,77100
0670,D021221039,13,78180
0670,D021221044,23,78900
0670,D021221045,11,79980
0670,D021221047,-25,80100
0670,D021221048,55,81120
0670,D021221053,52,82500
0670,D021221054,-2,83520
0670,D021221056,9,83700
0670,D021221057,-69,84660
0680,C889321272,76,76440
0680,C889321274,338,75360
0680,C889321278,85,77640
0680,C889321279,-5,76920
0680,C889321280,99,78840
0680,C889321281,28,78120
0680,C889321282,12,80040
0680,C889321283,37,79320
0680,C889321284,118,81240
0680,C889321285,96,80520
0680,C889321287,-4,81720
0680,C889321288,-18,83640
0680,C889321289,-63,82920
0680,C889321291,4,84120
0710,C9136911641,293,75480
0710,C9136911731,13,76620
0710,C9136911748,58,77640
0710,C9136911749,327,77820
0710,C9136911778,24,78840
0710,C9136911779,-24,79020
0710,C9136911790,36,80040
0710,C9136911791,226,80220
0710,C9136911802,39,81240
0710,C9136911803,-10,81420
0710,C9136911815,-11,82620
0710,C9136912800,3,85440
0710,C9136912801,10,85620
0845,D0147089503,-137,75720
0845,D0147089643,24,77280
0870,C959321949,51,76800
0870,C959321958,46,80400
0881,C9849733870,155,75420
0881,C9849733873,79,77520
0881,C9849733905,15,79020
0881,C9849733908,-161,81180
0881,C9849733975,-171,82680
0895,D0147089497,341,74940
0895,D0147091807,26,77820
0895,D0147091811,32,79200
0895,D0147091870,58,81360
0895,D0147091874,-1,82800
0895,D0147091919,-3,84960
0910,D0398213284,-7,76260
0910,D0398213339,23,77460
0910,D0398213367,176,76260
0910,D0398213369,16,78660
0910,D0398213382,190,77460
0910,D0398213384,152,79860
0910,D0398213397,16,78660
0910,D0398213399,-87,81060
0910,D0398214125,89,79860
0910,D0398214127,-123,82260
0910,D0398214140,50,81060
0910,D0398214142,-128,83460
0910,D0398214145,172,82260
0910,D0398214147,4,84660
0910,D0398214150,6,83460
0910,D0398214160,130,84660
0920,C94294544,19,77340
0921,C94294546,3,77580
0921,C94294548,87,79500
0921,C94294550,88,79380
0921,C94294552,25,81300
0921,C94294554,-22,81180
0921,C94294556,-16,83100
0921,C94294562,-53,84300
0931,D020621330,-55,77460
0950,D045151096,-13,82920
0950,D045151099,68,84720
0950,D04515572,-65,76320
0950,D04515575,11,77160
0950,D04515577,22,76920
0950,D04515578,25,78360
0950,D04515583,25,78120
0950,D04515584,25,79560
0950,D04515586,98,79320
0950,D04515587,104,80640
0950,D04515589,40,80520
0950,D04515590,-14,81840
0950,D04515598,104,81720
0950,D04515599,-2,83040
0960,C916365616,175,75780
0960,C916366443,-39,78180
0975,D02968768,-65,75540
0975,D02968798,-124,77220
0975,D02968801,-60,76500
0975,D02968803,17,78120
0975,D02968811,28,77700
0975,D02968813,26,79320
0975,D02968816,82,78960
0975,D02968818,-29,80520
0975,D02968826,-15,80160
0975,D02968828,-7,81720
0975,D02968831,-78,81360
0975,D02968833,-67,82920
0975,D02968836,57,82560
0975,D02968838,11,84060
0975,D02968841,-3,83760
0975,D02968843,59,85260
0980,C9890925361,704,74880
0980,C9890925367,-61,76020
0980,C9890925376,55,75480
0980,C9890925379,70,77400
0980,C9890925382,22,76620
0980,C9890925385,95,78600
0980,C9890925388,-43,77820
0980,C9890925391,46,79800
0980,C9890925394,204,79020
0980,C9890925406,105,80220
0980,C9890925409,0,82140
0980,C9890925412,-3,81480
0980,C9890925415,11,83340
0980,C9890925418,-59,82680
0980,C9890925421,9,84420
0980,C9890925424,-2,83880
0980,C9890925427,9,85560
0990,D025664730,476,75720
0990,D025664736,267,76320
0990,D025664742,431,76920
0990,D025664748,23,77520
0990,D025664757,53,75780
0990,D025664759,-3,77760
0990,D025664769,266,76380
0990,D025664771,313,78360
0990,D025664772,392,78720
0990,D025664775,21,76980
0990,D025664793,148,77580
0990,D025664795,204,79560
0990,D025664796,-28,79920
0990,D025664805,-22,78180
0990,D025664807,36,80160
0990,D025664811,-24,78780
0990,D025664813,-25,80760
0990,D025664814,-19,81120
0990,D025664817,212,79500
0990,D025664819,224,81360
0990,D025664829,106,80100
0990,D025664831,167,81960
0990,D025664832,111,82320
0990,D025664835,-3,80700
0990,D025664837,-12,82560
0990,D025664847,293,81900
0990,D025664849,368,83760
0990,D025664853,2,83160
0990,D025664859,11,84360
1005,D024937032,765,75000
1005,D024937037,22,77340
1005,D024937047,-103,75900
1005,D024937052,-46,78000
1005,D024937059,-104,76800
1005,D024937064,30,79440
1005,D024937068,-97,77700
1005,D024937080,-206,78600
1005,D024937085,-17,81120
1005,D024937086,10,79500
1005,D024937091,-80,82020
1005,D024937101,-23,80400
1005,D024937107,-7,81600
1005,D024937112,-54,83700
1005,D024937115,10,84600
1005,D024937125,-16,82800
1005,D024937140,8,84000
1005,D024937146,-480,85200
1015,C9898913860,-63,77040
1015,C9898913865,-6,76560
1015,C9898913866,16,78240
1015,C9898913871,-42,77760
1015,C9898913872,-150,79440
1015,C9898913883,33,80220
1020,D03212618,56,76860
1020,D03212620,-35,78060
1020,D03212622,82,78660
1020,D03212624,34,79860
1020,D03212626,-30,80460
1020,D03212628,-14,81660
1020,D03212630,-6,82260
1020,D03212632,49,83460
1020,D03212634,47,84000
1020,D03212636,10,85260
1020,D03212638,-55,85740
1041,D0310612209,-37,76980
1041,D0310613014,265,78180
1041,D0310613016,33,80100
1041,D0310613024,-4,81840
1041,D0310613026,123,83700
1050,D0377714344,50,75060
1050,D0377714358,-4,75660
1050,D0377714365,125,76260
1050,D0377714372,15,76860
1050,D0377714393,214,77460
1050,D0377714410,361,75000
1050,D0377714421,-23,78060
1050,D0377714431,66,75720
1050,D0377714442,77,78660
1050,D0377714445,195,76320
1050,D0377714449,32,79200
1050,D0377714459,-92,76920
1050,D0377714463,-13,79740
1050,D0377714470,-17,80340
1050,D0377714473,154,77520
1050,D0377714477,57,80940
1050,D0377714480,338,78120
1050,D0377714487,161,78720
1050,D0377714491,239,81540
1050,D0377714494,-33,79320
1050,D0377714498,42,82140
1050,D0377714508,-142,79920
1050,D0377714515,224,80520
1050,D0377714529,119,81720
1050,D0377714536,63,82320
1050,D0377714543,-65,82920
1050,D0377715647,-110,84120
1060,D038324703,-14,76860
1060,D038325327,125,77220
1060,D038325993,27,78420
1060,D038325995,144,79260
1060,D038326003,198,79620
1060,D038326013,39,80820
1060,D038326015,-83,81600
1060,D038326033,57,83220
1060,D038326035,54,83940
1100,D0307020929,129,75900
1100,D0307020975,-2,75360
1100,D0307020989,14,76680
1100,D0307021970,79,78240
1120,D0307020922,-6,75240
1120,D0307020950,26,76500
1120,D0307020971,92,77700
1120,D0307021977,214,78840
1120,D0307021995,-65,81960
1120,D0307021998,162,81240
1120,D0307022002,-60,83160
1120,D0307022005,-9,82380
1120,D0307022009,252,84360
1120,D0307022012,5,83580
1120,D0307022019,-62,84720
1120,D0307028280,-13,80760
1120,D0307030219,38,79560
1120,D0307034763,87,80040
1120,D0307034784,16,77640
1130,C951253835,27,78480
1140,D0267717467,25,76800
1140,D0267717862,22,75360
1140,D0267719066,3,77220
1140,D0267719278,78,76620
1140,D0267720293,108,79800
1140,D0267720707,-47,79080
1140,D0267720919,382,76200
1140,D0267720922,331,78480
1140,D0267721542,-26,78600
1140,D0267722165,58,81600
1140,D0267722175,59,82200
1140,D0267722610,-55,82140
1140,D0267722613,-1,83940
1140,D0267724824,96,78000
1140,D0267724827,-28,80280
1140,D0267724829,-76,80400
1140,D0267724832,-86,82740
1170,D04530638,47,76860
1170,D04530645,135,77640
1170,D04530646,197,78060
1170,D04530649,25,78840
1170,D04530650,35,79260
1170,D04530653,335,80040
1170,D04530657,-23,81240
1180,C98327166,-65,76740
1180,C98327167,21,77580
1180,C98327169,-48,78540
1180,C98327170,-31,79380
1180,C98327172,-87,80340
1180,C98327173,-74,81180
1190,D020713549,63,77160
1190,D020713554,16,78000
1200,C72451678,509,76020
1200,C72451682,261,77160
1200,C72451683,80,77220
1200,C72451684,16,78360
1200,C72451685,-39,78420
1200,C72451686,-29,79560
1200,C72451703,219,79620
1200,C72451704,34,80760
1200,C72451707,108,80820
1200,C72451708,-3,81960
1200,C72451709,-6,82020
1200,C72451710,-12,83160
1200,C72451711,113,83220
1200,C72451712,-3,84360
1210,C92140628,-13,76980
1210,C92140631,-33,78660
1225,C84674396,-11,77160
1225,C84674401,25,77820
1225,C84674403,-33,79800
1240,D044247280,8,77100
1240,D044247526,79,78900
1240,D044247629,21,77100
1240,D044247643,-169,78900
1240,D044247978,163,80700
1240,D044248225,-87,80700
1240,D044248228,56,82500
1240,D044248661,8,84600
1250,D044247276,55,76140
1250,D044247612,115,76440
1250,D044247613,77,78240
1250,D044247635,-53,78000
1250,D044247638,-28,80040
1250,D044247974,-54,79800
1250,D044248318,-65,81840
1250,D044248645,-67,81600
1260,C925061154,-48,77400
1280,D0408916465,286,76500
1280,D0408916472,-13,76920
1280,D0408916473,18,77700
1280,D0408916488,191,78120
1280,D0408916489,16,78900
1280,D0408916496,16,79320
1280,D0408916497,11,80100
1280,D0408916504,94,80520
1280,D0408916505,-20,81300
1280,D0408916512,32,81720
1280,D0408916513,48,82500
1280,D0408916520,58,82920
1280,D0408916521,-6,83700
1280,D0408916536,9,84120
1280,D0408916537,-61,84900
1280,D0408916544,66,85320
1290,D0408916471,-1,76860
1290,D0408916480,47,77520
1290,D0408916483,17,78060
1290,D0408916492,82,78720
1290,D0408916495,-21,79260
1290,D0408916500,25,79920
1290,D0408916503,15,80460
1290,D0408916508,46,81120
1290,D0408916511,-16,81660
1290,D0408916516,-29,82320
1290,D0408916519,-18,82860
1290,D0408916524,101,83520
1290,D0408916527,4,84060
1290,D0408916540,63,84720
1290,D0408916543,9,85200
1300,C94342305,69,76680
1300,C94342308,84,77760
1300,C94342310,28,77460
1300,C94342311,-150,78960
1300,C94342316,268,78660
1300,C94342317,42,80160
1300,C94342325,23,79860
1300,C94342326,57,81360
1300,C94342329,49,82560
1300,C94342332,118,83640
1300,C94342334,-1,83460
1300,C94342335,8,84840
1335,D0470337789,26,76200
1335,D0470337803,-14,77400
1335,D0470337824,-75,78540
1335,D0470339182,224,73800
1335,D0470340395,-32,75000
1335,D0470346293,51,73500
1335,D0470347238,26,74700
1335,D0470347247,151,76020
1335,D0470347251,-73,80940
1335,D0470347260,-175,82140
1335,D0470347310,286,78660
1335,D0470347319,-138,79860
1335,D0470347328,-52,81060
1335,D0470347337,195,82260
1335,D0470347472,210,77460
1340,C93974182,11,77580
1340,C93974187,64,76740
1340,C93974188,-33,78780
1340,C93974191,20,77940
1340,C93974192,29,79980
1340,C93974193,8,79140
1340,C93974195,93,80340
1340,C93974197,-14,81540
1340,C93974231,-133,76380
1350,C934521944,17,76920
1350,C934521949,37,79860
1350,C934521950,44,81600
1360,D045841205,6,79200
1360,D045841207,208,79920
1360,D045841209,38,80400
1360,D045841211,-21,81120
1360,D045841213,-16,81420
1360,D045841215,-20,82140
1360,D045841217,-64,82620
1360,D045841219,-12,83340
1360,D045841221,-15,83820
1360,D045841223,9,84480
1360,D045841225,62,85020
1360,D04584391,415,76920
1360,D04584393,-8,76800
1360,D04584395,23,77520
1360,D04584401,-41,78000
1360,D04584403,-41,78720
1370,D03214568,5,77340
1370,D03214576,25,78600
1370,D03214578,-36,79740
1370,D03214591,156,81600
1370,D03214593,177,82500
1370,D03214601,4,84000
1370,D03214603,10,85260
1380,C99596172,513,75420
1380,C99596176,189,77220
1380,C99596180,-26,79020
1380,C99596183,19,77520
1380,C99596184,43,80880
1380,C99596185,86,79860
1380,C99596186,110,82500
1380,C99596187,-19,81720
1380,C99596188,-172,84360
1380,C99596189,67,83520
1390,D022305992,184,76560
1390,D022305996,88,77460
1390,D022305998,-40,77400
1390,D022306000,78,78660
1390,D022306006,12,78600
1390,D022306008,24,79860
1390,D022306014,-28,79800
1390,D022306016,-19,81060
1390,D022306018,-25,81000
1390,D022306020,-82,82260
1390,D022306022,-64,82200
1390,D022306024,2,83460
1390,D022306026,-3,83460
1390,D022306028,-183,84660
1390,D022306030,-56,84660
1402,C942677097,-100,77580
1402,C942677098,-25,79620
1402,C942677103,-27,81180
1410,C74100616,-21,76020
1410,C74100628,-41,77880
1410,C74100631,-18,76560
1410,C74100632,-81,79680
1410,C74100635,13,78360
1410,C74100636,-17,81480
1410,C74100639,-22,80220
1410,C74100640,-59,83400
1410,C74100643,-1,82020
1410,C74100644,-177,85200
1410,C74100647,49,83820
1425,C961343925,-7,76800
1425,C961343931,117,76740
1425,C961343933,-32,78000
1425,C961343935,140,77640
1425,C961343937,30,79260
1425,C961343939,148,78540
1425,C961343941,21,79440
1425,C961343943,93,79440
1425,C961343945,-35,80460
1425,C961343947,160,80640
1425,C961343949,-29,81660
1425,C961343953,-10,82860
1425,C961343955,51,83040
1425,C961343957,45,83820
1425,C961343959,-51,84240
1425,C961343971,58,85440
1425,C961343973,62,86220
1440,D04061886,266,76140
1440,D04061890,145,77340
1440,D04061897,10,77820
1440,D04061898,77,78540
1440,D04061901,136,79020
1440,D04061902,155,79740
1440,D04061929,30,80220
1440,D04061930,95,80880
1440,D04061937,95,81420
1440,D04061938,49,82080
1440,D04061941,57,82620
1440,D04061942,-16,83280
1440,D04061946,-3,84420
1440,D04061949,119,85020
1440,D04061950,166,85620
1470,D022021479,21,79320
1470,D022022055,50,76860
1470,D022022058,20,78060
1470,D022022061,271,79740
1470,D022023087,-29,81120
1470,D022023088,-22,81540
1470,D022023103,-21,82920
1470,D022023104,-13,83340
1470,D022023111,2,84720
1470,D022023112,-10,85140
1470,D02202699,-4,77640
1480,D00685595,0,75240
1480,D00685607,74,76500
1480,D00685619,87,77700
1480,D00685625,-191,75120
1480,D00685631,24,78900
1480,D00685641,15,75780
1480,D00685643,-21,80100
1480,D00685645,-38,76980
1480,D00685647,-13,81300
1480,D00685649,-49,78180
1480,D00685651,9,82500
1480,D00685657,32,80640
1480,D00685659,-30,83700
1480,D00685661,-123,81840
1480,D00685669,-59,83700
1490,C80198445,-70,77460
1490,C80198446,-47,78060
1490,C80198447,7,78660
1490,C80198448,20,79260
1490,C80198449,-22,79800
1490,C80198450,26,80460
1490,C80198451,-26,81000
1490,C80198452,45,81660
1490,C80198453,-14,82200
1490,C80198454,-17,82860
1490,C80198456,59,84060
1490,C80198457,7,84600
1490,C80198458,-51,85860
1500,C97958815,235,75720
1500,C97958820,-33,77520
1500,C97958825,32,79380
1500,C97958833,-21,75600
1500,C97958838,13,77400
1500,C97958840,35,81180
1500,C97958843,-18,79320
1500,C97958845,0,82980
1500,C97958848,-16,81120
1500,C97958850,-52,84780
1500,C97958853,6,82920
1510,D0069014736,67,76140
1510,D0069014766,-154,77940
1510,D0069014776,124,75000
1510,D0069014778,-36,79200
1510,D0069014802,97,78540
1510,D0069014806,19,76200
1510,D0069014808,13,79800
1510,D0069014818,271,77400
1510,D0069014820,180,81000
1510,D0069014832,0,82200
1510,D0069014836,105,79860
1510,D0069014842,48,81060
1510,D0069014848,-11,82860
1510,D0069014866,-185,84060
1510,D0069014892,88,77340
1510,D0069015411,55,74880
1520,C9136911696,-5,76140
1520,C9136911714,865,74940
1520,C9136911744,15,77340
1520,C9136911754,24,78240
1520,C9136911756,93,78540
1520,C9136911784,23,79440
1520,C9136911786,-29,79740
1520,C9136911796,39,80640
1520,C9136911798,-17,80940
1520,C9136911808,-13,81840
1520,C9136911810,-7,82140
1520,C9136911820,-11,83040
1520,C9136911822,-23,83340
1520,C9136912794,-10,84240
1520,C9136912796,-186,84540
1540,D027285355,287,76140
1540,D027285469,85,77340
1540,D027285475,208,78540
1540,D027285477,318,77580
1540,D027285481,149,79740
1540,D027285495,-40,78780
1540,D027285501,26,79980
1540,D027285505,230,82140
1540,D027285507,166,81180
1540,D027285511,117,83340
1540,D027285513,-3,82380
1540,D027285517,304,84540
1540,D027285519,-57,83580
1550,D04559501,451,76260
1550,D04559504,120,77160
1550,D04559508,81,77460
1550,D04559510,24,78360
1550,D04559511,207,78660
1550,D04559513,213,79560
1550,D04559517,-28,79860
1550,D04559519,26,80760
1550,D04559520,43,81060
1550,D04559522,46,81960
1550,D04559523,-8,82260
1550,D04559525,-8,83160
1550,D04559526,120,83460
1550,D04559528,123,84360
1550,D04559529,5,84660
1570,C86324217,42,76920
1570,C86324218,6,78360
1570,C86324226,-25,80460
1570,C86324227,-3,81960
1570,C86324232,69,84660
1571,C86324223,17,78660
1571,C86324225,24,79740
1571,C86324229,41,82260
1590,D045345914,-13,76980
1590,D045345915,49,76980
1590,D045345916,198,77580
1590,D045345937,-33,78180
1590,D045346007,-38,79380
1590,D045346008,18,79980
1590,D045346027,104,80580
1590,D045346028,278,81180
1590,D045346031,-21,81780
1590,D045346032,-14,82320
1590,D045346033,111,82980
1590,D045346034,234,83520
1590,D045346035,-11,84180
1590,D045346036,-172,84720
1590,D045346037,-15,85380
1600,D0378010005,-27,79500
1600,D0378010014,19,78180
1600,D0378010017,49,81300
1600,D0378010026,28,79980
1600,D0378010035,-7,82500
1600,D0378010044,46,81780
1600,D0378010053,112,83700
1600,D0378010068,3,83580
1600,D037809987,141,77700
1600,D037809996,-6,76380
1610,C963542099,-77,75420
1610,C963542107,18,77100
1610,C963542117,-2,76560
1610,C963542119,21,78240
1610,C963542121,144,77820
1610,C963542123,88,79440
1610,C963542125,-24,79020
1610,C963542127,49,80640
1610,C963542129,37,80220
1610,C963542131,-60,81720
1610,C963542133,-3,81420
1610,C963542135,-51,82920
1610,C963542137,53,82620
1610,C963542139,-4,84120
1610,C963542141,71,83820
1610,C963542143,0,85200
1620,C98837275,22,75960
1620,C98837302,-14,75000
1620,C98837305,15,78420
1640,D0312337126,-91,81180
1642,D0312337092,102,76440
1642,D0312337106,-101,77580
1642,D0312337107,-33,80040
1642,D0312337111,-84,78780
1642,D0312337141,-134,82380
1642,D0312337142,9,84180
1650,C94041147,50,77280
1650,C94041148,-5,77460
1650,C94041149,19,79080
1650,C94041150,26,79260
1650,C94041151,-28,80880
1650,C94041152,-14,81060
1650,C94041153,-13,82680
1650,C94041154,-18,82860
1650,C94041155,10,84480
1660,D020713483,76,76080
1660,D020713570,-21,78240
1660,D020713574,8,83640
1660,D020713826,41,80040
1660,D020714020,-5,82440
1685,D03268883,-34,76020
1685,D03268946,238,76560
1685,D03268948,204,77880
1685,D03268951,11,77160
1685,D03268953,16,78480
1685,D03268956,-106,78360
1685,D03268958,-30,79620
1685,D03268961,218,80160
1685,D03268963,353,81420
1685,D03268981,-6,81960
1685,D03268983,4,83220
1685,D03268986,59,83760
1685,D03268988,130,84900
1695,D0122120003,899,74880
1695,D0122120007,-69,76140
1695,D0122120011,24,77340
1695,D0122120021,-64,75180
1695,D0122120023,-35,78540
1695,D0122120025,-46,76080
1695,D0122120027,-27,79800
1695,D0122120029,3,77160
1695,D0122120037,26,78360
1695,D0122120039,-83,81000
1695,D0122120045,-137,79620
1695,D0122120047,-254,82740
1695,D0122120049,-24,80820
1695,D0122120053,-3,82020
1695,D0122120055,-20,84480
1700,D02202687,36,76500
1720,C9431985948,812,75900
1720,C9431985969,56,75960
1720,C9431985972,-35,77700
1720,C9431985987,-47,77760
1720,C9431985990,-144,79500
1720,C9431986023,37,79620
1720,C9431986026,47,81360
1720,C9431986029,-19,80820
1720,C9431986032,-1,82560
1720,C9431986041,-32,82020
1720,C9431986044,-121,83760
1720,C9431986047,56,83220
1720,C9431986050,11,84960
1720,C9431986053,-110,84420
1730,C9431985981,-32,76860
1730,C9431985985,-97,78540
1730,C9431986011,-83,78660
1750,D02094308,-18,76860
1750,D02094317,-10,76920
1750,D02094318,6,78660
1750,D02094321,89,78720
1750,D02094322,27,80220
1750,D02094323,97,80580
1750,D02094324,-24,82020
1750,D02094325,116,82380
1750,D02094326,-10,83220
1765,D027413609,15,76560
1765,D027413613,-15,76860
1765,D027413615,-6,76020
1765,D027413617,-36,78060
1765,D027413619,-155,77220
1765,D027413631,-141,78420
1765,D027413633,-81,80460
1765,D027413635,92,79620
1765,D027413637,-90,81600
1780,D0109516907,-8,76740
1780,D0109516908,-17,76920
1780,D0109516910,-98,77940
1780,D0109516911,86,78120
1780,D0109516917,-33,79320
1780,D0109516919,22,80340
1780,D0109516920,39,80460
1780,D0109516922,-146,81420
1780,D0109516923,47,81660
1780,D0109516925,-71,82620
1780,D0109516929,-19,82860
1780,D0109516931,-67,83820
1780,D0109516935,0,84060
1810,C89533723,106,76500
1810,C89533727,-67,77160
1810,C89533729,83,77700
1810,C89533735,-39,78900
1810,C89533739,80,79560
1810,C89533741,97,80100
1810,C89533745,-22,80760
1810,C89533747,-13,81300
1810,C89533751,-36,81960
1810,C89533753,-10,82500
1810,C89533757,60,83160
1810,C89533759,57,83700
1810,C89533763,-19,84360
1810,C89533765,-57,84900
1810,C89533769,11,85560
1820,D0400525923,506,75720
1820,D0400525928,-16,76260
1820,D0400527007,74,77220
1820,D0400527209,134,76620
1820,D0400527212,-63,78180
1820,D0400527214,21,77820
1820,D0400527217,-87,79380
1820,D0400527219,26,79020
1820,D0400527222,-145,80580
1820,D0400527229,38,80220
1820,D0400527232,-14,81780
1820,D0400527239,-78,81420
1820,D0400527242,-84,82980
1820,D0400527244,-73,82620
1820,D0400527247,-53,84180
1820,D0400527249,-57,84420
1840,D0400911601,-57,76740
1840,D0400911603,374,77220
1840,D0400911605,325,78780
1840,D0400911607,14,78420
1840,D0400911609,19,79980
1840,D0400911615,30,79620
1840,D0400911617,158,81180
1840,D0400911619,-23,80820
1840,D0400911621,-15,82380
1840,D0400911623,59,82020
1840,D0400911627,7,83820
1840,D0400912013,48,75960
1840,D0400912015,-45,77700
1870,C959321950,63,77220
1870,C959321951,-37,78780
1870,C959321971,23,80820
1870,C959321972,-3,82380
1870,C959321974,-9,82620
1880,C94261102,-7,76200
1880,C94261103,0,77220
1880,C94261104,-94,79860
1880,C94261105,-130,80880
1910,D0398213378,8,77580
1910,D0398214110,-48,79260
1910,D0398214111,-25,79620
1910,D0398214135,39,80460
1910,D0398214136,-31,80820
1940,C989684423,111,76320
1940,C989684433,-8,76560
1940,C989684435,26,77460
1940,C989684437,-35,77760
1940,C989684439,-92,78600
1940,C989684445,94,80160
1940,C989684447,-13,81000
1940,C989684449,-135,81360
1940,C989684451,-255,82200
1940,C989684453,115,82560
1940,C989684455,-6,83400
1940,C989684457,70,83760
1940,C989684459,62,84600
1942,C989684441,150,78960
1942,C989684442,145,79920
1960,D0215710012,18,78300
1960,D0215710014,-25,81360
1960,D0215710018,165,79500
1960,D0215710020,-60,82560
1960,D0215710024,331,80700
1960,D0215710026,-3,83760
1960,D0215710042,6,83220
1960,D0215710051,-101,84480
1960,D0215710075,85,77100
1960,D0215710077,31,80160
1960,D021579948,114,75360
1960,D021579954,-96,76560
1960,D021579960,86,77760
1960,D021579970,-12,75900
1960,D021579972,157,78960
1961,D0215710009,19,77700
1961,D0215710010,149,79260
1961,D0215710015,-112,78900
1961,D0215710016,147,80460
1961,D0215710021,89,80100
1961,D0215710022,45,81660
1961,D0215710027,-22,81360
1961,D0215710028,46,82860
1961,D0215710039,180,82620
1961,D0215710040,162,84060
1961,D0215710045,-53,83820
1961,D0215710046,14,85260
1961,D021579968,-74,76920
1961,D021579976,49,76500
1961,D021579977,77,78060
1970,C98836347,27,80280
1980,C944381406,383,74280
1980,C944381414,53,75180
1980,C944381434,23,76140
1980,C944381438,-31,77340
1980,C944381446,216,78540
1980,C944381448,295,76800
1980,C944381450,-13,79740
1980,C944381460,35,78000
1980,C944381462,-16,80940
1980,C944381464,102,79200
1980,C944381466,58,82140
1980,C944381468,148,80400
1980,C944381470,-51,83640
1980,C944381476,45,81660
1980,C944381480,3,82980
1980,C944381484,-13,84180
2005,D047985,-114,83580
2025,D03770293,-24,75540
2025,D03770302,26,77280
2025,D03770304,250,77160
2025,D03770305,30,78480
2025,D03770310,-33,78360
2025,D03770311,-83,79680
2025,D03770313,28,79560
2025,D03770314,-34,80880
2025,D03770319,-12,80880
2025,D03770320,-1,82140
2025,D03770322,-3,82080
2025,D03770323,-12,83280
2025,D03770331,-1,84480
2040,D0310612205,27,77760
2040,D0310612874,-15,75420
2040,D0310612999,145,76380
2040,D0310613002,104,81660
2040,D0310613029,69,83640
2120,C955201012,-30,78360
2120,C955201034,317,76380
2120,C955201040,16,77640
2120,C955201048,144,79560
2120,C955201052,27,78840
2120,C955201054,403,80760
2120,C955201076,-151,80040
2120,C955201084,240,81960
2120,C955201088,-9,81240
2120,C955201090,-67,83160
2120,C955201094,-14,82440
2120,C955201096,77,84360
2120,C955201100,-67,83640
2120,C95520958,223,75300
2120,C95520976,194,76200
2120,C95520982,80,77160
2130,D0267717472,-32,77400
2130,D0267719281,-65,75780
2130,D0267720914,-4,75600
2130,D0267720915,9,77580
2130,D0267721084,-277,79260
2130,D0267722180,-66,82800
2130,D0267722356,-62,84540
2130,D0267723470,-35,79200
2130,D0267723490,-12,81000
2130,D0267724329,-20,81060
2130,D0267724334,-70,82800
2170,C91341170,-6,76080
2170,C91341172,-94,77280
2170,C91341173,73,76800
2170,C91341174,27,78480
2170,C91341175,205,78000
2170,C91341176,16,79680
2170,C91341177,-36,79200
2170,C91341178,-83,80880
2170,C91341179,-18,80400
2170,C91341180,-247,82080
2170,C91341181,-5,81600
2190,C68931117,27,79200
2190,C68931118,210,79680
2200,D032031551,39,76920
2200,D032031552,117,77280
2200,D032031553,81,77520
2200,D032031556,77,78000
2200,D032031557,24,78240
2200,D032031558,29,79320
2200,D032031559,12,79560
2200,D032031562,98,80520
2200,D032031563,35,80760
2200,D032031564,47,81720
2200,D032031566,-10,82920
2200,D032031567,54,83160
2200,D032031568,164,84120
2200,D032031569,102,84360
2200,D032031570,4,85320
2200,D032031571,-141,85560
2210,D0297612668,-6,76680
2210,D0297612681,36,78720
2210,D0297612693,23,78480
2210,D0297612701,207,80520
2210,D0297612708,-21,80340
2210,D0297612716,118,82320
2210,D0297612728,-12,82140
2210,D0297612731,-49,84120
2210,D0297612743,-21,83940
2220,C98377143111,5,76680
2220,C98377143152,40,81660
2220,C98377143155,-5,83280
2220,C98377143904,81,78060
2220,C98377143907,28,80280
2310,D029816768,102,75660
2310,D029816794,297,76020
2310,D029816798,506,77400
2310,D029816806,23,77820
2310,D029816810,97,79200
2310,D029816818,399,79620
2310,D029816822,413,81000
2310,D029816824,-12,81420
2370,D03214571,157,77400
2370,D03214574,10,78660
2370,D03214586,-26,79800
2370,D03214589,32,81060
2370,D03214596,53,82800
2370,D03214599,0,83460
2380,C9669918664,-29,79080
2380,C9669918668,-141,80760
2380,C9669918740,13,76860
2400,C958122841,191,77220
2400,C958122842,-17,76200
2400,C958122843,-30,79020
2430,D03779196,-3,77040
2430,D03779197,19,78240
2430,D03779198,88,78840
2430,D03779199,14,80040
2430,D03779200,25,80640
2430,D03779201,-71,81240
2430,D03779203,-4,82440
2430,D03779204,-30,83640
2430,D03779205,-56,84840
2440,D027791981,286,77040
2440,D027792583,309,77760
2500,C761851237,91,78660
2500,C761851251,185,76800
2500,C761851256,-116,77160
2500,C761851265,31,80460
2500,C761851746,-24,78960
2500,C761851748,180,82380
2500,C761851753,-24,80820
2500,C761851755,126,84180
2500,C761851760,0,82620
2500,C761851767,6,84420
2511,C89348334,-30,76560
2511,C89348339,23,78360
2511,C89348342,-9,77760
2511,C89348344,38,80160
2511,C89348347,-23,79620
2511,C89348349,-66,81960
2511,C89348352,-84,81420
2511,C89348354,0,83760
2511,C89348357,-35,83220
2511,C89348362,-4,85020
2570,C978171136,-62,76860
2570,C978171148,26,78120
2570,C978171157,88,79380
2570,C978173900,34,80580
2570,C978173906,44,81780
2600,D0378010008,80,77640
2600,D0378010009,19,78600
2600,D0378010020,99,79440
2600,D0378010021,34,80400
2600,D0378010038,-19,81240
2600,D0378010039,-28,82200
2600,D0378010056,115,82980
2600,D0378010080,121,84780
2600,D037809991,47,76800
2620,C98837301,20,78360
2620,C98837307,-62,76140
2620,C98837309,-104,78060
2620,C98837312,22,77340
2620,C98837314,40,79320
2620,C98837317,25,78600
2620,C98837319,48,80400
2620,C98837322,-16,79800
2620,C98837324,0,81720
2620,C98837327,-74,80880
2620,C98837329,-61,82740
2620,C98837332,-78,82080
2620,C98837334,-64,83880
2620,C98837337,11,83280
2620,C98837339,-4,85020
2660,D020713509,-29,77400
2660,D020713510,78,78120
2660,D020713566,172,76860
2660,D020713572,-11,82440
2660,D020713573,-15,83220
2660,D020713729,-1,78840
2660,D020713795,27,79380
2660,D020714022,-63,85200
2660,D020714035,-52,81840
2660,D020714546,-24,78240
2660,D020714548,0,81420
2700,D022021475,147,78180
2700,D022021478,216,79560
2700,D022023091,239,81780
2700,D022023094,-8,83160
2700,D02202689,136,77760
2700,D02202714,154,79980
2700,D02202716,106,81360
2765,D032254503,-12,75480
2765,D032254507,20,76680
2765,D032254509,110,76620
2765,D032254511,13,77880
2765,D032254517,82,77820
2765,D032254519,-33,79080
2765,D032254521,24,79020
2765,D032254523,-146,80280
2765,D032254531,-5,81420
2765,D032254537,163,81420
2765,D032254539,-50,82620
2765,D032254543,-3,83820
2765,D032254549,59,83820
2765,D032254553,138,85020
2770,D01143574,46,76440
2770,D01143579,230,76020
2770,D01143587,195,77220
2770,D01143588,149,78960
2770,D01143589,154,78420
2770,D01143590,158,80160
2770,D01143591,96,79620
2770,D01143592,-10,81360
2770,D01143593,296,81420
2770,D01143594,602,82920
2870,C951253786,-1,76680
2870,C951253821,-64,76200
2870,C951253822,-82,80280
2870,C951253839,-265,79800
2910,D0398213295,47,76860
2910,D0398213372,-176,76860
2910,D0398213375,-32,78300
2910,D0398213387,70,78060
2910,D0398213390,75,79500
2945,D0147089635,16,76320
2945,D0147089654,-12,76620
2945,D0147089656,81,78120
2945,D0147091849,-149,79020
2945,D0147091851,36,80580
2945,D0147091856,15,80160
2945,D0147091858,-14,81720
2945,D0147091884,-60,82560
2945,D0147091886,8,84120
2945,D0147091912,-119,83760
2960,C916365965,-55,76380
2960,C916366729,86,79680
2960,C916366752,-81,79200
2960,C916367151,-126,82920
2961,C916364508,20,76680
2961,C916364513,6,77580
2961,C916364533,-83,81000
2961,C916364813,-24,79260
2961,C916364814,-61,81900
9220,C983922,4,84180
9600,D04015256,-20,83940
9600,D04015261,0,84780
